cluster_id,cluster_start,cluster_end,cluster_center,sites,datasets_supporting,Semitryptome,HUNTER MJ,Metacaspase matrix,n_total_sites
C1,2,36,21.523809523809526,2;9;13;14;15;16;17;18;19;20;22;23;24;25;26;27;30;31;32;33;36,3,20,2,2,21
C2,47,310,184.91620111731842,47;48;49;50;55;57;58;66;67;69;72;73;75;76;77;78;79;80;81;82;83;84;85;86;94;96;97;101;102;103;104;105;106;107;109;111;113;114;116;117;125;126;127;128;129;130;131;132;133;134;135;136;137;138;139;140;141;142;143;144;145;153;155;156;157;158;159;160;161;162;163;164;165;166;167;168;169;176;177;178;179;180;181;183;184;185;186;187;188;189;190;191;192;193;194;195;197;198;199;200;201;202;203;204;205;206;207;208;209;210;214;216;217;219;220;221;222;223;224;225;227;228;234;235;236;237;238;239;240;241;242;244;245;246;247;248;249;250;251;252;254;255;256;257;258;260;261;262;265;267;269;270;271;273;274;276;277;278;279;280;281;282;283;284;285;286;287;288;289;290;291;293;297;301;302;303;304;305;310,3,167,9,32,179
C3,336,430,385.45454545454544,336;340;345;347;348;349;351;352;353;354;355;356;359;364;365;366;367;369;370;372;374;376;377;378;379;380;381;382;384;387;388;389;390;391;392;393;395;396;404;407;411;416;418;419;420;421;422;423;424;425;426;427;428;429;430,3,42,12,15,55
C4,448,456,451.25,448;450;451;456,1,4,0,0,4
C5,469,473,471.0,469;470;471;472;473,1,5,0,0,5
C6,494,494,494.0,494,1,1,0,0,1
C7,507,520,513.6666666666666,507;508;510;511;513;517;518;519;520,2,6,0,3,9
