cluster_id,cluster_start,cluster_end,cluster_center,sites,datasets_supporting,Semitryptome,HUNTER MJ,Metacaspase matrix,n_total_sites
C1,19,27,23.142857142857142,19;20;22;23;25;26;27,3,6,2,2,7
C2,47,113,82.95833333333333,47;48;55;57;66;67;76;79;80;81;82;83;84;85;86;94;96;97;101;102;103;104;105;113,3,17,2,9,24
C3,127,168,149.22222222222223,127;129;130;131;132;134;135;137;138;139;140;143;153;155;156;157;158;159;160;161;162;163;164;165;166;167;168,2,27,0,1,27
C4,181,184,182.66666666666666,181;183;184,1,3,0,0,3
C5,198,310,253.14285714285714,198;199;200;201;202;203;204;205;206;207;208;209;210;214;216;222;223;224;227;228;235;236;238;239;240;241;242;244;245;246;247;248;249;250;251;252;256;257;258;265;267;269;270;271;273;274;276;277;278;279;280;281;282;283;284;285;286;287;288;289;290;291;293;297;301;302;303;304;305;310,3,60,7,22,70
C6,336,430,385.45454545454544,336;340;345;347;348;349;351;352;353;354;355;356;359;364;365;366;367;369;370;372;374;376;377;378;379;380;381;382;384;387;388;389;390;391;392;393;395;396;404;407;411;416;418;419;420;421;422;423;424;425;426;427;428;429;430,3,42,12,15,55
C7,448,456,451.25,448;450;451;456,1,4,0,0,4
C8,469,473,471.0,469;470;471;472;473,1,5,0,0,5
C9,494,494,494.0,494,1,1,0,0,1
C10,507,520,513.6666666666666,507;508;510;511;513;517;518;519;520,2,6,0,3,9
